id,display_name,description,works_count,cited_by_count,policy_block,policy_subblock,score_core,score_domain,score_context
https://openalex.org/T10058,Entrepreneurship Studies and Influences,"This cluster of papers covers a wide range of topics related to entrepreneurship, including entrepreneurial orientation, opportunity recognition, social entrepreneurship, university technology transfer, venture growth, entrepreneurial education, innovation and economic growth, sustainable entrepreneurship, gender and entrepreneurship, and social capital. The papers explore various aspects of entrepreneurial behavior, business innovation, and the impact of entrepreneurship on economic development.",158039,2346232,02_domain_policy_knowledge,education_and_human_capital,0,17,0
https://openalex.org/T11556,"Poverty, Education, and Child Welfare","This cluster of papers focuses on the impact of interventions and policies related to child labor, education, and poverty reduction, particularly in the context of conditional cash transfers, school subsidies, and orphan care. It explores the effects of these interventions on household vulnerability, social protection, gender inequality, and primary education in low- and middle-income countries.",101183,811920,02_domain_policy_knowledge,education_and_human_capital,1,14,0
https://openalex.org/T10712,Library Science and Information Literacy,"This cluster of papers explores the concepts and practices of information literacy, digital literacy, and library instruction in the context of higher education. It delves into topics such as information behavior of different generations, critical thinking skills, user-centered design of academic libraries, and the impact of digital technologies on research and learning. The papers also discuss the evolving role of academic librarians, assessment of information literacy skills, and the challenges and opportunities for integrating information literacy into the curriculum.",99462,276629,02_domain_policy_knowledge,education_and_human_capital,0,3,0
https://openalex.org/T10208,Labor market dynamics and wage inequality,"This cluster of papers explores various aspects of labor market dynamics, including the impact of technological change on job susceptibility, the role of education and skills in wage inequality, the gender pay gap, job polarization, and the influence of personality traits on employment outcomes. It also delves into the effects of minimum wage policies and the implications of unemployment on the economy.",87843,1251886,02_domain_policy_knowledge,education_and_human_capital,1,17,0
https://openalex.org/T10674,School Choice and Performance,"This cluster of papers explores the impact of socioeconomic status on educational inequality, focusing on factors such as student achievement, teacher quality, school segregation, peer effects, and education policy. It delves into the complexities of school choice, academic achievement disparities, and the effectiveness of teacher performance pay in addressing inequality.",74821,1124475,02_domain_policy_knowledge,education_and_human_capital,1,9,0
https://openalex.org/T13161,Ideological and Political Education,"This cluster of papers focuses on the innovation and development of ideological and political education, particularly in the context of big data, artificial intelligence, wireless sensor networks, and deep learning. It explores topics such as network education, multimedia technology, and information systems for college students.",66075,22131,02_domain_policy_knowledge,education_and_human_capital,0,8,0
https://openalex.org/T13560,Socioeconomic Development in MENA,"This cluster of papers explores the dynamics of networking, human resource management, and cultural influences in the Middle East and Asia, with a focus on the concepts of Guanxi in China and Wasta in Arab countries. It delves into topics such as gender-segregated education, localization policies, the impact of regulations on HRM, challenges and achievements in education, and the role of informal social networks in shaping business practices.",65162,166785,02_domain_policy_knowledge,education_and_human_capital,1,2,1
https://openalex.org/T13166,Information Science and Libraries,"This cluster of papers covers a wide range of topics within the field of Information Science, including information policy, information mediation, society's access to information, information management, library science, archival studies, transparency, and cultural mediation. The papers explore the intersection of information with society, governance, education, and technology.",53540,33263,02_domain_policy_knowledge,education_and_human_capital,3,2,1
https://openalex.org/T12952,School Leadership and Teacher Performance,"This cluster of papers explores the influence of educational leadership, work motivation, and professionalism on teacher performance, as well as the role of principals in school improvement and the impact of organizational commitment. It also delves into topics such as transformational leadership, quality management, and motivational factors in the context of education.",51684,119665,02_domain_policy_knowledge,education_and_human_capital,0,6,0
https://openalex.org/T13867,Economic Growth and Development,"This cluster of papers explores the intersection of information and communication technology (ICT), financial access, inequality, and knowledge economy in the context of African countries. It investigates the role of mobile phones, governance, and education in promoting inclusive development and gender inclusion, while also examining the impact of ICT on institutional quality and economic growth.",48909,282561,02_domain_policy_knowledge,education_and_human_capital,3,3,1
https://openalex.org/T10726,Career Development and Diversity,"This cluster of papers explores the application of Social Cognitive Theory in the context of career development, with a focus on STEM education, gender disparities, and the experiences of underrepresented minorities. It delves into topics such as self-efficacy beliefs, role models, academic aspirations, and work satisfaction, aiming to create more inclusive science education and address the challenges faced by individuals pursuing careers in science and engineering. The research also emphasizes the importance of social influences, cultural stereotypes, and environmental factors in shaping career choices and outcomes.",47516,602416,02_domain_policy_knowledge,education_and_human_capital,0,3,2
https://openalex.org/T12969,Economic and Social Development,"This cluster of papers explores the intersection of development, justice, and social equity, addressing issues such as globalization, human dignity, democracy, inequality, sustainability, education, and poverty. It encompasses a wide range of topics related to economic, social, and political aspects of global development and justice.",45865,45516,02_domain_policy_knowledge,education_and_human_capital,1,5,0
https://openalex.org/T14070,Knowledge Societies in the 21st Century,"This cluster of papers explores the emergence of knowledge societies in the 21st century, focusing on topics such as Big Data, education, information and communication technologies (ICT), innovation, technology integration, digital transformation, teacher training, social impact, ethical implications, and interdisciplinary research. The papers cover a wide range of issues related to the intersection of knowledge, technology, and society.",45594,16649,02_domain_policy_knowledge,education_and_human_capital,0,5,0
https://openalex.org/T14181,Academic Freedom and Politics,"This cluster of papers explores the intersection of politics, professional dynamics, and academic freedom within higher education. It delves into topics such as faculty partisanship, political bias in education, student perception of ideological influence, and the ethical considerations of research in academia.",43684,102686,02_domain_policy_knowledge,education_and_human_capital,0,2,0
https://openalex.org/T12204,African Education and Politics,"This cluster of papers focuses on the intersection of education and economic development, with a specific emphasis on Nigeria and Africa. It covers topics such as the influence of social and economic disadvantage on academic performance, the role of information technology in education, challenges of youth unemployment, quality assurance in education, teacher education, and gender disparities in higher education. The papers also address issues related to curriculum development, sustainable development, and the impact of educational policies on national development.",41943,75168,02_domain_policy_knowledge,education_and_human_capital,1,10,4
https://openalex.org/T14185,"Research, Science, and Academia","This cluster of papers covers a wide range of topics related to science policy, innovation management, research administration, technology transfer, and the role of higher education in fostering economic development. It explores the importance of basic research, grant writing, and interdisciplinary research in knowledge creation and highlights the challenges and opportunities in these areas. The cluster also delves into the impact of digital information technology on improving the competitiveness of high-tech enterprises and the influence of human activity on climate in the Arctic.",41441,125237,02_domain_policy_knowledge,education_and_human_capital,1,6,0
https://openalex.org/T11849,Intellectual Capital and Performance Analysis,"This cluster of papers focuses on the relationship between intellectual capital and business performance, including the measurement, reporting, and management of knowledge assets. It explores the impact of intellectual capital on financial performance, market value, and corporate governance structures, as well as the role of human capital and organizational learning capability in driving business success.",40911,448868,02_domain_policy_knowledge,education_and_human_capital,2,1,0
https://openalex.org/T13276,University-Industry-Government Innovation Models,"This cluster of papers explores the concept of Quadruple Helix innovation ecosystems, emphasizing the interplay between academia, industry, government, and society in knowledge production and regional innovation systems. It delves into the dynamics of Triple Helix models, smart specialization strategies, and Mode 3 knowledge production, aiming to foster sustainable development and collaborative innovation within social systems.",32884,263805,02_domain_policy_knowledge,education_and_human_capital,10,16,0
https://openalex.org/T14241,Evasion and Academic Success Factors,"This cluster of papers explores the complex issue of university dropout in the context of Brazilian higher education. It delves into factors influencing student retention, such as educational inequality, academic performance, institutional support, and pedagogical strategies. The papers also discuss the impact of social quotas and online learning on student satisfaction and dropout rates.",29205,12023,02_domain_policy_knowledge,education_and_human_capital,1,3,1
https://openalex.org/T11506,Children's Rights and Participation,"This cluster of papers focuses on the participation of children in research, policy, and decision-making processes. It explores various aspects such as children's rights, youth engagement, qualitative methods, ethical considerations, student voice, social research, and citizenship education.",28743,295154,02_domain_policy_knowledge,education_and_human_capital,1,1,0
https://openalex.org/T14234,Data Privacy and Cybersecurity,"This cluster of papers covers a wide range of topics related to the protection of education rights, privacy, and data protection. It includes discussions on inclusive education, digital libraries, constitutional amendments for education rights, special education, and the intersection of human rights with education and privacy. The cluster also explores issues such as child welfare, interoperability in education technology, and the legal aspects of privacy protection in the digital age.",26840,6364,02_domain_policy_knowledge,education_and_human_capital,2,9,0
https://openalex.org/T13384,Regional Economic Development and Innovation,"This cluster of papers focuses on the strategizing of regional and national development, with an emphasis on innovation ecosystems, sustainable development, digital transformation, vocational education, and economic growth. It explores the intersection of global and national interests with regional strategic priorities, as well as the role of leadership in driving strategic initiatives. The papers also delve into the challenges and opportunities presented by globalization and the pursuit of sustainable socio-economic growth.",24263,16860,02_domain_policy_knowledge,education_and_human_capital,0,7,0
https://openalex.org/T13411,Labor Market and Education,"This cluster of papers focuses on the economic development, innovation, and digital transformation in Ukraine. It covers topics such as the impact of COVID-19 on the economy, labor migration, regional markets, financial security, and sustainable development. Additionally, it explores strategies for marketing, human capital development, and social security in the context of economic transformation.",23085,17701,02_domain_policy_knowledge,education_and_human_capital,0,16,0
https://openalex.org/T13956,Sociopolitical Dynamics in Nepal,"This cluster of papers explores the multifaceted issues surrounding youth employment in a global context, including the impact of globalization, identity politics, conflict, education challenges, poverty alleviation, social inequality, Maoist insurgency, climate change adaptation, and democratization efforts. The papers cover a wide range of geographical regions, with a particular focus on Nepal and other developing countries.",22494,15107,02_domain_policy_knowledge,education_and_human_capital,0,5,1
https://openalex.org/T12474,Education Discipline and Inequality,"This cluster of papers explores the impact of school discipline policies on students, with a focus on disproportionality, zero tolerance policies, racial disparities, special education, restorative practices, and their implications for the juvenile justice system. It examines factors such as student behavior, suspension rates, and the importance of cultural responsiveness in addressing these issues.",21536,245358,02_domain_policy_knowledge,education_and_human_capital,2,11,1
https://openalex.org/T13771,Advanced Research in Science and Engineering,"This cluster of papers covers a wide range of interdisciplinary research topics, including mathematical modeling, social entrepreneurship, space exploration, labor market policies, aerial vehicles, remote sensing, balanced scorecard, national security systems, educational system, and fuzzy AHP. The papers discuss various applications and implications of mathematical modeling in different fields such as social development, entrepreneurship, space technology, and education.",15415,13321,02_domain_policy_knowledge,education_and_human_capital,1,6,0
https://openalex.org/T14114,Digital Media and Philosophy,"This cluster of papers explores the intersection of digital technology, education, and generational divides. It delves into topics such as attention economy, cognitive modes, youth engagement through social media platforms like TikTok, and the influence of algorithms on educational content. The focus is on understanding technological literacy and its impact on pedagogy in the digital age.",13472,30474,02_domain_policy_knowledge,education_and_human_capital,0,8,0
https://openalex.org/T13406,Human Resources and Workforce,"This cluster of papers explores the multifaceted impact of universities on local and regional economies, emphasizing their role in driving economic development, fostering innovation ecosystems, and facilitating knowledge transfer. It delves into the dynamics of university-industry collaboration, the influence of digital transformation on higher education, and the cultivation of entrepreneurial competencies. The papers also highlight the social and external benefits of education, including the significance of universities in shaping community collaboration and regional engagement.",11634,11978,02_domain_policy_knowledge,education_and_human_capital,0,7,0
https://openalex.org/T14088,Generational Differences and Trends,"This cluster of papers explores the impact of different generations, particularly Generation Z, on education and workplaces. It covers topics such as teaching methods, learning styles, workforce expectations, and the influence of digital technology on education. The papers also delve into the psychological aspects and societal implications of generational differences.",10739,37369,02_domain_policy_knowledge,education_and_human_capital,0,4,0
https://openalex.org/T13762,Education and Labor Relations,"This cluster of papers explores the dynamics of the labor market in Latin America and the Caribbean, focusing on issues such as economic precarity, youth employment, gender inequality, education and work transitions, the impact of globalization, small and medium-sized enterprises, social cohesion, human capital theory, and the informal economy.",8970,6739,02_domain_policy_knowledge,education_and_human_capital,0,13,0
https://openalex.org/T13703,Attention Economy in Education and Business,"This cluster of papers explores the concept of the attention economy, focusing on its implications for education and business. It delves into topics such as science fairs, calligraphy therapy, STEM education, storytelling, teacher development, innovation management, cognitive behavioral therapy, and citizen science.",8155,13205,02_domain_policy_knowledge,education_and_human_capital,0,7,0
https://openalex.org/T13701,Psycholinguistics and Behavioral Studies,"This cluster of papers explores the components of Education 4.0, focusing on topics such as 21st Century Skills Frameworks, distance learning, teacher training, psychological safety, digital technology, STEM education, inclusive education, pedagogical skills, biomedical science, and global education.",7268,8661,02_domain_policy_knowledge,education_and_human_capital,0,6,0
https://openalex.org/T13368,University Challenges and Reforms,"This cluster of papers explores the future of higher education in the context of neoliberalism, digital transformation, globalization, and the challenges of democracy. It delves into issues of inequality, the impact of technology on learning institutions, and the role of humanities in shaping education. Additionally, it addresses the effects of austerity measures and the pursuit of sustainability within educational systems.",6979,45280,02_domain_policy_knowledge,education_and_human_capital,2,9,0
https://openalex.org/T13066,Information Society and Technology Trends,"This cluster of papers explores the evolution of the information society, the impact of the knowledge economy, digital divide, globalization, and technology on education, innovation, communication, and economic development. It delves into the social implications of these advancements and the challenges they pose for various regions and communities.",6005,39191,02_domain_policy_knowledge,education_and_human_capital,0,8,0
https://openalex.org/T14284,Social Sciences and Humanities,"This cluster of papers covers a wide range of topics including political ecology, social movements, gender studies, environmental justice, globalization, indigenous rights, education policy, sustainable development, colonialism, and feminist theory. The papers provide insights into the complex interactions between politics, society, and the environment in Latin America and beyond.",4634,2138,02_domain_policy_knowledge,education_and_human_capital,1,4,1
https://openalex.org/T13598,Political Developments and Conflicts,"This cluster of papers explores challenges in global governance, including pluralism, policy implementation, sustainable development, religious harmony, energy transitions, digital transformation, election law, and cultural identity. It delves into topics such as the implications of Russia's actions, the role of education in childhood wellbeing, and the impact of digital technology expansion on unemployment. The cluster also addresses the intersection of politics, economics, and social issues in various countries and regions.",4502,540,02_domain_policy_knowledge,education_and_human_capital,4,5,2
https://openalex.org/T13932,"Education, Technology, and Economics","This cluster of papers explores various aspects of the digital economy, knowledge management, information technology, e-commerce, big data, education, sustainable development, innovation, and their intersection with social science research and human rights. It delves into the opportunities and challenges presented by the digital economy and emphasizes the importance of knowledge management in leveraging technological advancements for societal and economic development.",3560,2102,02_domain_policy_knowledge,education_and_human_capital,0,13,0
https://openalex.org/T14263,Professional Masters Programs Analysis,"This cluster of papers covers a wide range of topics related to science, technology, and innovation policies and practices, with a focus on South Africa. It includes discussions on research methods, higher education, societal impact, and the challenges and opportunities in the field of science and innovation. The papers also explore the intersection of qualitative and quantitative methods in studying these phenomena.",2653,4355,02_domain_policy_knowledge,education_and_human_capital,1,4,0
https://openalex.org/T14266,"Interdisciplinary Studies: Technology, Society, and Humanities","This cluster of papers covers a wide range of interdisciplinary studies, spanning topics from big data and digital technology to ethics, education, cultural studies, political science, and neuroscience. It reflects a diverse exploration of human knowledge and its intersection with technological advancements.",2430,2804,02_domain_policy_knowledge,education_and_human_capital,1,7,1
https://openalex.org/T13994,The Impact of Diversity and Innovation on Society,"This cluster of papers explores the impact of diversity, innovation, and globalization on higher education, leadership, human rights, and the petroleum industry. It delves into the challenges and opportunities presented by the Fourth Industrial Revolution and emphasizes the importance of social innovation, quality management, and inclusive development. The cluster also addresses the historical and contemporary significance of human rights, emphasizing the role of diversity in fostering creativity and problem-solving.",2207,5439,02_domain_policy_knowledge,education_and_human_capital,0,9,1
https://openalex.org/T13227,Diverse Global Economic and Educational Challenges,"This cluster of papers explores the intersection of sustainable development, economic growth, and social justice. It delves into topics such as education for employability, innovation in the wooden furniture industry, environmental sustainability, and the transition to a knowledge society. The papers also discuss the implications of globalization and the importance of fostering economic growth while ensuring social and environmental sustainability.",949,3112,02_domain_policy_knowledge,education_and_human_capital,0,6,0
https://openalex.org/T12755,Legal Education and Practice Innovations,"This cluster of papers explores the impact of legal education on society, professionals, and access to justice. It delves into topics such as the health impacts of welfare rights advice, lawyer wellbeing, professionalism, ethical codes, and social exclusion. Additionally, it investigates civil justice problems and the role of clinical legal education in addressing societal issues.",140386,361033,02_domain_policy_knowledge,education_and_human_capital,6,9,0
https://openalex.org/T14017,Legal Issues in Education,"This cluster of papers focuses on the intersection of law and education, particularly the legal literacy required by teachers and administrators. It covers topics such as student rights, special education, parental notification, school discipline, and privacy rights in educational settings.",32043,49070,02_domain_policy_knowledge,education_and_human_capital,6,7,0
https://openalex.org/T13532,Education Systems and Policy,"This cluster of papers focuses on vocational education and training in Australia, covering topics such as student retention, workforce skill development, rural and regional education, employment patterns, teacher retention, adult literacy and numeracy, youth labour market, and social partnerships.",305544,1656113,02_domain_policy_knowledge,education_and_human_capital,4,9,0
https://openalex.org/T14027,21st Century Education and Governance,"This cluster of papers covers a wide range of topics related to sustainable development, global governance, and the challenges facing the world in the 21st century. It includes discussions on environmental policy, climate change, 21st-century skills, knowledge management, global inequality, regional development, educational technology, resource management, and social equity.",1057,2275,02_domain_policy_knowledge,education_and_human_capital,11,8,0
https://openalex.org/T10546,Higher Education Governance and Development,"This cluster of papers explores the global trends and challenges in the internationalization of higher education, including topics such as academic identity, neoliberalism, university rankings, student mobility, quality assurance, and marketization. It delves into the impact of globalization on higher education systems and the evolving dynamics of academic mobility in a globalized world.",115564,853959,02_domain_policy_knowledge,education_and_human_capital,8,7,1
https://openalex.org/T11300,Global Educational Policies and Reforms,"This cluster of papers explores the global governance of education policy, focusing on the impact of globalization, neoliberalism, and the PISA study. It delves into topics such as public-private partnerships, data visualization, policy borrowing, and digital education governance, reflecting a critical examination of education policies in various national and international contexts.",45457,377620,02_domain_policy_knowledge,education_and_human_capital,11,4,0
https://openalex.org/T10265,Multilingual Education and Policy,"This cluster of papers explores the concept of translanguaging pedagogy in multilingual education, focusing on the fluid and dynamic use of multiple languages in educational settings. It delves into language policy, bilingual education, heritage language maintenance, and the sociolinguistic aspects of language use and rights. The cluster also addresses cultural sustaining pedagogy and the impact of language ideologies on educational practices.",119984,1309827,02_domain_policy_knowledge,education_and_human_capital,5,6,2
https://openalex.org/T14409,Educational Systems and Policies,"This cluster of papers focuses on innovations in smart education systems, including the use of semantic network analysis, digital library systems, and text analytics. It also explores vocational high school education, career development, the role of volunteer fire brigades, and the impact of artificial intelligence on education. The papers highlight various aspects of educational innovation and the integration of technology in learning environments.",90507,34083,02_domain_policy_knowledge,education_and_human_capital,4,8,0
https://openalex.org/T14061,Educational Practices and Policies,"This cluster of papers covers a wide range of topics related to education, social pedagogy, organizational behavior, and societal challenges in Europe. It includes discussions on teaching practices, professional identity, equal opportunity, school management, inclusive education, and youth development. The papers also address the impact of societal changes on education and the role of educators in addressing these challenges.",86845,155300,02_domain_policy_knowledge,education_and_human_capital,4,4,1
https://openalex.org/T13564,Education and Public Policy,"This cluster of papers focuses on the analysis, evaluation, and quality assurance of public policies, particularly in the context of higher education in Brazil. It covers topics such as the SINAES system, educational assessment, innovation, and the social impact of policies. Additionally, it explores science communication and the challenges of implementing remote education during the pandemic.",74426,105551,02_domain_policy_knowledge,education_and_human_capital,10,7,0
https://openalex.org/T13789,Global Education Systems and Policies,"This cluster of papers explores the challenges and reforms in higher education systems, focusing on topics such as lifelong learning, education reform, e-learning, globalization's impact, sustainable development, teacher training, the knowledge economy, inclusive education, and policy and practice.",16147,42861,02_domain_policy_knowledge,education_and_human_capital,5,7,0
https://openalex.org/T13529,Education Systems and Policies,"This cluster of papers covers a wide range of topics related to education management, innovation, and strategies for improving learning outcomes. It includes research on blended learning, online learning, student motivation, teacher professionalism, early childhood education, curriculum development, digital media in education, parenting strategies, and inclusive education.",10199,9187,02_domain_policy_knowledge,education_and_human_capital,4,10,0
https://openalex.org/T13387,"Politics, Economics, and Education Policy","This cluster of papers focuses on economic policy analysis, including topics such as public finance, taxation, labor market dynamics, fiscal federalism, trade policy, financial regulation, income inequality, education reform, and monetary policy. The research explores the implications for reforming economic policies to address various challenges and promote sustainable economic growth.",2527,3856,02_domain_policy_knowledge,education_and_human_capital,12,10,0
https://openalex.org/T12088,Intergenerational and Educational Inequality Studies,"This cluster of papers focuses on intergenerational mobility, social stratification, and the impact of education, family background, and economic inequality on individuals' opportunities. It explores the relationship between education, health, and economic mobility, as well as the effects of compulsory schooling and occupational status on intergenerational outcomes.",22128,354730,02_domain_policy_knowledge,education_and_human_capital,0,8,0
